,0,1,2,distance
0,0.9489535012140253,0.10048605691210602,0.6091814737003545,0.0
673,0.9595208457872336,0.08346335479851974,0.6082387849059994,0.020058160951089515
619,0.9188112793996395,0.09339865542684929,0.6145367929761805,0.031423943741467134
96,0.9543105906145064,0.1327387643910204,0.6130688699156431,0.03292487503240986
743,0.9814626630537048,0.08671997517465431,0.6094490478863279,0.035304705151943575
281,0.9277720540980058,0.08867753789788323,0.5831147180298705,0.03560295738309816
124,0.9184368440799756,0.10349369707214254,0.5897457337131461,0.03630509951535435
784,0.9734621272761098,0.12942479272059446,0.6168790837736357,0.03869594788197929
27,0.9434713788085948,0.1350677880848862,0.5868494280508809,0.041529147112175695
578,0.9240088276960458,0.06699191116248326,0.5976372448265087,0.04332855590378357
522,0.9281051076480784,0.12511428990921097,0.5778956015921783,0.044944534355241234
250,0.9652295632069757,0.061125344861646266,0.6251039773322546,0.045471991038720155
194,0.9137261532344119,0.07331286051935652,0.5866559249951657,0.04986731386735746
677,0.9225386616027398,0.07234464268811419,0.6433412277324827,0.051541941579181225
1,0.8975263926197383,0.1130842405045759,0.6118282684145429,0.05301384017836494
632,0.9114394111866773,0.13851384686265872,0.6210836300805984,0.054727333989544144
313,0.9234876738398554,0.09473935497887916,0.6573726864067355,0.054808082698376136
52,0.9533862404246078,0.12643588592303806,0.6576956244583919,0.05519660883042753
99,0.9392651621199991,0.06719277381650293,0.6527660184818017,0.05569487550476064
763,0.9388206172220178,0.08961959936619801,0.6632987097862899,0.05611978687747644
765,0.9727614509743459,0.06190416905485537,0.6431833169219461,0.05667014985761999
482,0.9149073547306628,0.11228370342785801,0.653034081085708,0.056757164553659506
200,0.9072790457324722,0.07485001359933463,0.6397640322249908,0.05769973866778817
492,0.9167074633793951,0.06993847321819821,0.5713178533720858,0.05836621942469789
140,0.9414982671350447,0.15301824132635325,0.6346447836775551,0.05885228176969757
330,0.9044844541388808,0.08635303524915322,0.5716585265953178,0.05987662322262583
149,0.9025725945201588,0.09294290611302064,0.6488874885003428,0.061519551697162014
774,0.8973287363902658,0.08072088151020367,0.6363415933439186,0.06159099447832585
531,0.896059744363222,0.1373287233094402,0.6057747496542332,0.06455026994353767
683,0.9360544393213744,0.03780793566160181,0.589031960262651,0.06708901231184981
61,1.0,0.09598108925856307,0.6538231936934791,0.06796265839275656
278,0.9104224423569295,0.13550547646483668,0.6540783669562924,0.06875124192692263
700,0.9282632844795158,0.10967545558652642,0.6766829130779216,0.07119673050472043
605,0.889700590249057,0.06068784100873206,0.6020123053730092,0.07173703660885249
79,0.911109949938676,0.1299472736748522,0.6656664899104625,0.07409895223636889
121,0.8881254306571288,0.0797502343204602,0.646825044296125,0.07447863393904154
236,0.9098644294288523,0.15722336630692377,0.6378111859124463,0.07461057721085457
258,0.8935043536086456,0.12926340450134083,0.6513211371642171,0.07535578903629392
602,0.8917425840177033,0.1084111087516948,0.5578505004751115,0.07727072088026089
636,0.9480933844227714,0.05825663139057371,0.6740521975601514,0.07740978616988471
749,0.8885681781206595,0.08006270238457956,0.6566123503702421,0.0794555770032621
202,0.9109017749496999,0.12265797253540824,0.6755335591118128,0.07963747203767485
430,0.8824116754608863,0.1433598360652145,0.6184200041235092,0.07969520661752622
400,0.88878114280041,0.09439014424861832,0.6616367861821297,0.08005893251735338
447,0.8764451411881063,0.09360649959011234,0.5757151938779168,0.08015474076901864
235,0.9752796250299903,0.14882358076760074,0.5507496265622245,0.08027366795922453
380,0.8855264149686678,0.14807753226596088,0.5932964552635096,0.08087198282886045
95,0.9291254652687398,0.1793616098987737,0.602202407384109,0.08162849523938749
134,0.8827031284417255,0.127649328533902,0.6491047176601487,0.08198061128060341
38,0.891143167220057,0.1630639045924218,0.6132592287656389,0.08529155774851002
532,0.8752506134671039,0.14651282925886902,0.5990049495891802,0.0874879481864866
629,0.9181374218836007,0.0819828573240802,0.6896917913657136,0.08816978161972715
337,0.8911314622037485,0.15838009469132733,0.6462585285592275,0.08983215350138145
596,0.8612081737179828,0.1200233141524541,0.6192753532201254,0.09045901459568831
325,0.9568247105627026,0.19111409255196474,0.6134643301068662,0.09106997111863496
744,0.9443079587465674,0.11808127768555714,0.6988364052273445,0.09148322035210996
670,0.894685507724784,0.17622406202823318,0.609835740067109,0.09317557942292345
560,0.9437517927133704,0.18897289285851854,0.5802808385186842,0.09323210080780711
180,0.8747578826070292,0.05656283681623067,0.6451523537411761,0.09342453261845472
714,0.932376107951971,0.11738259738741307,0.7007478501778148,0.09457644711348856
170,0.8816532279469546,0.16579618309050903,0.627832509716159,0.09561694676010189
669,0.873919828947439,0.04830477766436005,0.6377766923582848,0.09576337717434351
397,0.9146831977282804,0.1225660075203739,0.5224550588277375,0.09583031334878277
189,0.8777859930675945,0.1235230217747727,0.6694708221886422,0.09607456222641993
591,0.8992651417581465,0.17601372801393403,0.5753790987346,0.0965192349783606
760,0.8821667147048449,0.1599023571365868,0.5724149799501046,0.0966568499759621
569,0.9241164371891224,0.014063324994736162,0.5732188786971973,0.09684563273994243
737,0.9014549005285035,0.17250866594221068,0.5634032387122706,0.09766790709956977
92,0.8976247158057953,0.17785635642141095,0.5778190091519113,0.0980021001825779
791,0.8739169564344955,0.0844211381545976,0.6721002843350116,0.09923377146322498
416,0.9073272010177349,0.17687229300354373,0.6578775701403791,0.09969411086290267
608,0.8864109319140467,0.15797353061572694,0.5543896608789554,0.10108672197535326
249,0.8574823325697867,0.06318979900774387,0.5836051247990491,0.1020398704915522
232,0.872110689882673,0.05578402847847154,0.5588989950424057,0.10213430696575145
152,0.8671442308860668,0.1603372861396005,0.6234323510529828,0.10236217004809312
470,0.8960867544509605,0.15210275899912312,0.6804535600595772,0.10265908211963716
85,0.9575110241262964,0.1959264243644827,0.6462089200429174,0.1027284124304961
644,0.8618003315512534,0.15230674069111771,0.5901042449419048,0.10317460398128243
387,0.873425516272369,0.1676550067535866,0.5883912387614867,0.10319097926159884
129,0.8989726534763083,0.19042685094516,0.595771882523841,0.10376535408024357
326,0.8731370465649901,0.16520410696237464,0.6426970724604566,0.10516585072211627
398,0.8470929956009764,0.12212425576435423,0.5885994433198289,0.10614798268408253
41,0.8859839800918313,0.018380903104472223,0.6333673121431072,0.10626086604819562
510,0.9100276011193511,0.1727856543145913,0.6771142215464314,0.10657070757323837
693,0.9303711745799634,0.17818664389592181,0.5381992143909031,0.1068698517704534
740,0.9248329251235011,0.10305958438960308,0.713866878857959,0.10745910518717344
150,0.9888707357106189,0.0715666236582048,0.7084729216334688,0.11085355592960125
420,0.8386948411915184,0.114753101345098,0.6198035110973901,0.11168414545169678
705,0.8809243646459818,0.18462812160940809,0.5802221424750975,0.112011130423421
422,0.8815633764276145,0.1379984758018731,0.6914157049157101,0.11274342230600397
21,0.8701844338251546,0.07736205430664195,0.5317658448037204,0.11283822522209098
576,0.9328442167709012,0.11898391694989276,0.72103218328061,0.11450878178049795
440,0.8869642762097786,0.1846961208749486,0.6559239890558061,0.11453759920221743
348,0.8427783958757902,0.11654213801351554,0.6491006313052703,0.1145621659964863
566,0.8970753766603191,0.06143752796267846,0.7037484170971594,0.11471283364880604
75,0.8909754134253997,0.006585423744473691,0.6409015458074048,0.11482573991655491
165,0.9164243522815955,0.09651127002551327,0.719962371144732,0.11552641126445388
445,0.8535715812313542,0.08206176991979508,0.6723217992347981,0.11586140737687947
575,0.9158470528603465,0.08981747087735029,0.49785432201299257,0.1166344303942737
388,0.841825883070789,0.1448745396368266,0.5930638474580353,0.117074514064048
433,0.8462012898106894,0.0972451530479406,0.5530758943212147,0.11711684952901331
122,0.9093823793156288,0.12453529079545844,0.7171219903945678,0.11745379722634637
292,0.9476631349880236,0.20937741971191612,0.5647521988254477,0.1176135808625309
504,0.8735974706599755,0.18744115228151187,0.6336299814162234,0.11763268882882114
248,0.845991605945875,0.14861802150226772,0.5775981648074026,0.11796331333573908
241,0.8366515587784946,0.08219996659266364,0.6418403068496426,0.11837527933076693
16,0.9095140598910021,0.1592421455131062,0.7046215109424165,0.11881308088054518
415,0.8748344540090798,0.19219701306403308,0.5942095935017829,0.11886416547282035
314,0.9218741601655386,0.14643299261533285,0.502296971126695,0.11945169945444616
54,0.8479106680173198,0.07595819517880004,0.5490000064380979,0.12013775070086624
503,0.8410345776303352,0.06726950554466987,0.6614941540895904,0.12444456549690804
28,0.8933595696230728,0.06594848986559906,0.7154974602034175,0.12484637661282348
367,0.8732490829701441,0.05512887603478891,0.6976292936880294,0.12494578688116818
487,0.8312340803438848,0.10301394711113504,0.651748349989834,0.12520459750306087
184,0.871113376714717,0.15680265180024053,0.6900836219117084,0.12560175726109069
536,0.893887850193733,0.21144415651412451,0.6383263637079815,0.1272530958489292
192,0.8784902949223468,0.1764215472863051,0.6837682613899996,0.12764972008247386
208,0.9216881046172097,0.20496294242890242,0.5408016151521339,0.12780698930006168
741,0.8482020835846469,0.03520123205929627,0.5643446566580675,0.12815341069544342
598,0.9183539257559569,0.07434948310800149,0.7321924737013886,0.12942627488143918
584,0.9242705875091579,0.059990869485987496,0.48868556126624835,0.12949274631023225
78,0.9001328649849801,0.09806000255475786,0.4885472804074504,0.1301612417464712
291,0.910756745678411,0.05643401898833201,0.4923050761389154,0.13061265821360757
776,0.8594249404861664,0.19511786581021553,0.62981358107138,0.13189475461859648
240,0.9384419012638514,0.22131973165645838,0.5573200068098956,0.13191240439688223
563,0.8879175801376572,0.10966772289824465,0.49226106983947177,0.13221220628562844
552,0.8411915357811989,0.025974109113905398,0.6319387832655284,0.13297581245201182
255,0.892393303019031,0.1543521258321061,0.7204230549767178,0.13592387136046774
246,0.8936002453634566,0.0,0.6827473120782656,0.13628412652707014
720,0.8993884837049132,0.12205361024455925,0.7361273115192635,0.13797498344617243
681,0.8636788932063154,0.06940639316184788,0.7133256494169967,0.13814381493717537
653,0.8432953471146963,0.08198445941635168,0.7011021225120599,0.14126344295513027
665,0.879486259472232,0.12168057902683836,0.7331796885125451,0.14370268863001417
561,0.8495186219244834,0.07731437724780899,0.5063238592027313,0.1449272604375459
514,0.8999027405940554,0.18034518310825484,0.49844313752574,0.14507389928216566
574,0.850670590284251,0.20366970856339223,0.6422435108353928,0.14628566180061048
443,0.8968273554552493,0.2368587603956892,0.6252209864339554,0.1468738073851761
488,0.8989520023811726,0.16254414038115364,0.7350835859669769,0.14900569614139
231,0.904876368329535,0.23086955443247426,0.6711198137338381,0.15092716135627918
577,0.8545520369491434,0.13622709357266913,0.724563485887907,0.153303838482192
474,0.9970701663404187,0.14660715969130053,0.7476705405616353,0.1536931723420491
145,0.8547603240426095,0.17592668435523187,0.5131037199617956,0.15425491129330504
711,0.943761314848152,0.22383624401415303,0.7019231035136072,0.15441255569993773
515,0.8935551347480764,0.1602927242257968,0.7403864371616414,0.15446863403016067
641,0.8670966082977396,0.09430235698112176,0.7402024027406092,0.15461330120437955
211,0.9245615348264734,0.023818027577070834,0.7412194127306712,0.15461879604285794
132,0.9404038633444904,0.17361113408003406,0.7462135854156876,0.1555576190987737
458,0.8678418182418887,0.05975405722838159,0.7362843778752346,0.1561837032551607
795,0.8081187446108612,0.15185839391374364,0.654093659647715,0.15649488848857845
554,0.8896243473164778,0.17220553412304274,0.4824634374241452,0.15722942673465307
436,0.8420021528322219,0.08127556477651009,0.49231240561001305,0.15958074133517033
254,0.9717979697341198,0.1404501804404299,0.7628248680657991,0.16039106441285392
302,0.90378428481862,0.13733599432065724,0.4596497596405906,0.16049270857718137
309,0.8849888998737843,0.19116633402785208,0.7253347397688652,0.16064234840410765
494,0.8469227204598991,0.22353857210597675,0.6367649013755111,0.16221296865277127
702,0.8841897926474983,0.14177880930808331,0.7527264406047182,0.16280229381461553
48,0.7991209096966849,0.04086791315774024,0.6332143962884959,0.16303898280364118
493,0.7935345110621527,0.11924231137514098,0.5613836708073164,0.16368106042762468
224,0.9255840713134521,0.1994157964229296,0.48069639541397574,0.16383418128038507
151,0.9355018903377275,0.029194271353343626,0.7560861619004784,0.16384276590225008
154,0.8349324031752889,0.02583574161909656,0.7058033329363594,0.16706065980214257
534,0.9000257088923554,0.14411019014844045,0.763403091511177,0.16757476320222367
750,0.9424525428397442,0.1894555538411772,0.7526401205641825,0.16893258182954718
265,0.7973956945879347,0.09037673724846969,0.6856141434369409,0.17004093653128108
339,0.8647220231245254,0.1647920812938639,0.7428859904102868,0.17060804336714527
610,0.908876985877337,0.231435337453769,0.7161548954583908,0.1737732836731058
303,0.9898222679221753,0.10079055779955269,0.7790938144233759,0.17475855442012492
24,0.8802433203355121,0.1479769093780657,0.4554644289234877,0.1749439906919778
141,0.903537980292232,0.17053644963218395,0.764494868888268,0.17632889095560036
787,0.8128646820589717,0.1912748751784326,0.6769369581223267,0.17706942675252862
222,0.8425579370161305,0.028784931313765437,0.7350299923741134,0.17971899494888355
785,0.9652374565989861,0.17070171412192156,0.7741323638735882,0.18001167153639766
164,0.9381944283106727,0.12652039218381178,0.7995579586001182,0.19244934467430444
155,0.8657899139708531,0.21985122647673905,0.7360273864450821,0.1930132418472613
516,0.9192791527116241,0.05002032673272154,0.7984198074225839,0.19808711172498394
146,0.8726681774445221,0.16720119866855784,0.7810903983553545,0.19955710746109717
770,0.9051162352642005,0.09179716422973697,0.41365157891168786,0.20057203817598412
187,0.8339108942277291,0.07155943904769445,0.444114516305491,0.20326989709958232
639,0.8896967849995177,0.17639125144349807,0.7902700005571152,0.20510000373604803
501,0.8439406470474013,0.08614434122844511,0.785133501495256,0.20540813137290692
201,0.8544814839636581,0.18223815787965555,0.7737961766801742,0.20665519227228812
421,0.9036151595075186,0.12549420875194295,0.8121232138265313,0.20944288666025637
169,0.8848030100408704,0.2024762761741521,0.7815059874208796,0.21026894295614065
87,0.8574897010153616,0.2027552228025041,0.7830003302963556,0.22144435858029904
508,0.9126034413688419,0.05177655334720201,0.39200863722414603,0.22551714677915244
273,0.9333247925609587,0.09059724945804937,0.8363205786059974,0.22789080285163443
395,0.8483640784875894,0.16061708790978302,0.8149358861006049,0.23678862108524878
295,0.7821560432036766,0.12869035189205197,0.43904865407313903,0.2399209256574684
219,0.9077368920610651,0.19030483384942062,0.8386394380969583,0.24983430306028045
293,0.8681504649925552,0.10686172529562049,0.8520535686769661,0.2560402982506329
321,0.9022403153446474,0.06430559438591403,0.864590328315529,0.26215421152159957
775,0.91708591938722,0.16627336328921657,0.870038178988441,0.2709053951947056
704,0.7935387914158625,0.10968504804788452,0.8331191550250439,0.27273877351165426
381,0.9414939258970432,0.1506792374565833,0.878595810154823,0.274151573630869
637,0.8798046584048786,0.14727859403365523,0.8760378292450399,0.27961297982516337
725,0.9242759379517288,0.1357042987758401,0.32592938340628275,0.28649791158837107
450,0.8932392130557445,0.15179878235287134,0.9260111822451419,0.3257577963974435
545,0.927661591776785,0.21720478033035132,0.9479265011989241,0.35892171773086556
654,0.8241192387626883,0.2031663905255905,0.959628938735961,0.3859278037957727
453,0.9384425766835226,0.11009898282490278,1.0,0.39107800804713827
229,0.5098222618678322,0.6067916994756221,0.6740403409451017,0.6733411629491028
56,0.4627624393776395,0.5794111711618869,0.5555817397384272,0.6845611332449042
513,0.4539221456066707,0.5882468158127505,0.5890185872776195,0.6952504174372598
518,0.5282009785757512,0.6429302677966736,0.7929863274942405,0.7106775861857784
344,0.4701891099895613,0.6205226281511251,0.7089676502724045,0.7138701974206764
268,0.5599085460408163,0.6990285673206166,0.5467485327666787,0.7165940175758335
133,0.4812117128906224,0.6141040678605765,0.7898929349778512,0.7178039244471198
553,0.48190280967392013,0.6463357283193462,0.6842903709341919,0.7223084927419625
143,0.4703240325911964,0.604538647616534,0.8058833056827942,0.7223896408000776
22,0.5279206104166785,0.6830651675763961,0.5041828463706806,0.7264239995048908
434,0.49990369173811117,0.671773272559845,0.550338333917106,0.7290249167569323
221,0.6220606020430023,0.7221033391561633,0.41366893570486646,0.7290350921775727
676,0.549310050720448,0.6952915635484658,0.7463500877872808,0.7296051719511568
297,0.5954696045949387,0.7177770297314773,0.44076121491198467,0.7310023213804729
588,0.5171020898264911,0.6896481637017312,0.6422566703237416,0.7312329302116193
716,0.6019013909569323,0.7440597714884365,0.5731388517382046,0.7320733323413604
523,0.509664679158739,0.6738799798910627,0.7485458317511641,0.7356477991449666
507,0.612440313497599,0.6452816913790372,0.23961615472670128,0.7393388491276479
739,0.416747581672454,0.610424425898319,0.6764560883308227,0.740139280631076
708,0.42501261860579503,0.6010662343420469,0.7693900745242354,0.7421329788400648
29,0.4857626057509314,0.6809684176478042,0.6110783818951661,0.7426366372768661
47,0.4786170956826423,0.6521890977927919,0.772453027070275,0.7431353711303238
766,0.6044587274948104,0.7491161252323518,0.48042100143148037,0.7456385678516658
586,0.6510722238421852,0.7842577420690527,0.5693852666946648,0.7469007369946087
2,0.44793858506832995,0.6562871708418214,0.6788851329224365,0.7515247331624814
207,0.6455987324917538,0.7517159561151149,0.3874970021854832,0.7518434027331301
318,0.5781490589472368,0.7164793053197247,0.3847787559497852,0.7531933325663445
106,0.5444037161880363,0.676726074912472,0.33935653638950397,0.7540017133299105
131,0.41735095621226953,0.6399091737526161,0.6363816666266328,0.7578379875207505
237,0.47096101664391543,0.6634455612622843,0.781550237465446,0.7583608702758938
242,0.4541729061080698,0.6412265032304436,0.8095041323647595,0.7598271087243033
647,0.518301436924514,0.6656858426519857,0.8789422494878891,0.7600545206961905
19,0.44997843652519776,0.667769005381362,0.6940488828624753,0.7602555727800244
168,0.6388125727485626,0.777784819697843,0.45396882034057173,0.7609283654480843
466,0.4221537182921659,0.6413718296226459,0.7057185923260121,0.761179903623145
748,0.4714960519928883,0.6518666677008816,0.8288596194955715,0.7617379349294496
408,0.47933166169409525,0.676000088810182,0.779973452436462,0.7621882792763593
652,0.439278544066301,0.6529603771859092,0.48243105871958675,0.7622742972207133
799,0.44552136063168907,0.6604631379518278,0.7326586034653085,0.763062810675551
342,0.45828902061914933,0.6606656350112362,0.7801839801822504,0.7640645584372108
572,0.6391941883773811,0.7953856934819581,0.5384153532288847,0.764096970678804
15,0.6436705585343572,0.7899179363339971,0.47342621196971973,0.7661223678642411
31,0.5202945436327897,0.715265577948171,0.7681203492273602,0.7661357109244772
499,0.383481963350451,0.6165164533860122,0.658076087486647,0.7670958958801197
327,0.5807371508134724,0.7420006667085493,0.4048934164239593,0.7673707615164583
672,0.47581145577832923,0.6937415544109897,0.7410173477611505,0.7701922994688382
86,0.4745453958496847,0.704626203053365,0.6678449333543016,0.7703828711189882
624,0.42470441348652066,0.6491291556349224,0.7512619398586816,0.7720318740978656
562,0.4908069058513667,0.6806567675078979,0.8331216810634612,0.7724283609173429
756,0.4041996867576024,0.64617090182141,0.6749626538605461,0.7738577595345165
412,0.4663458997215711,0.7053396455038811,0.6384516563584932,0.7743479219598182
285,0.47648628097517876,0.6720621329070501,0.8334010990760365,0.7747250642993372
126,0.42902856517626825,0.6748144851298877,0.5881730302927554,0.7749944756366872
685,0.5000278293084729,0.727894903397164,0.6946597185130592,0.7761975585376597
190,0.4943675893157274,0.6996577503777468,0.8059819263450161,0.7774223354831237
42,0.438991245038248,0.673324951385029,0.7402809614773068,0.7780700337631755
70,0.3886396823818666,0.6170643148485898,0.4470293929965033,0.7791649179881998
730,0.4958188704536469,0.7170805592524953,0.7580457149737794,0.7795385405742613
727,0.41294749613172255,0.6465051878858538,0.7623174486927973,0.7803140109664201
216,0.44138135043241744,0.689935433059423,0.6774600273326186,0.7808597929050018
571,0.43602738314844264,0.6454214028325281,0.8328105134547101,0.781061893353333
384,0.4184232505788821,0.6678096944977999,0.6918495289993589,0.7811225665472551
375,0.44010085538044125,0.664536337619488,0.7915212010198449,0.781237166612586
65,0.46215305512195254,0.704888932960127,0.7028993558375908,0.7817036217920763
383,0.4947621921893418,0.7002849521282624,0.8218491669374847,0.7818414210329864
609,0.42828948849096005,0.6621932799448617,0.7746410066957395,0.783570593891262
73,0.39903999246150984,0.6270486025007561,0.7966049973290009,0.7840921876505849
119,0.4216901948828014,0.67171495941688,0.713041783065279,0.7842805729593973
18,0.4634337292438955,0.6856970899716281,0.8091895734831337,0.7862599075161076
35,0.4730058753746692,0.7184851657026986,0.7089158177978205,0.78638157430133
361,0.46582218024833455,0.7191552299704846,0.6686449659497141,0.7872123766184581
204,0.42309842715059365,0.6814650858251549,0.6934973646186341,0.7881429822160124
113,0.45101525823672567,0.6945137989085,0.756813366354928,0.7890542616382135
270,0.4910011586054815,0.6818160960609014,0.883741321706999,0.7893339424190656
188,0.4757509790663725,0.7026798915946878,0.800627076622986,0.7894361661179594
429,0.4205130492071039,0.6889078226594239,0.6164840012181477,0.7909126453854552
46,0.5136094585283348,0.7548252441541898,0.7030540546146309,0.7915151728868237
365,0.46701256081298653,0.6756638989436442,0.8623892720047959,0.7919664191876303
183,0.4495714576197601,0.6750667009304447,0.8281932288053129,0.7921436049221554
579,0.6277912051601415,0.8150553090835709,0.4873814112843372,0.7928364848819931
287,0.5335314363857482,0.7445516574891059,0.40314943078477233,0.7936278677697559
542,0.42420197947017885,0.677906302763383,0.7576053452464361,0.7942341880932599
389,0.4217412080326371,0.6850759885810328,0.7193364205484729,0.7948787974310111
284,0.38612174241570146,0.6439882979271553,0.7513772701413063,0.7952319908214659
663,0.4790822909282847,0.7367891154312939,0.6941269614553004,0.7955352113050593
63,0.4208691562761537,0.6599875793704911,0.8130437848171924,0.7959113461282042
345,0.6540917082105777,0.7914118020330799,0.34498083454188955,0.7963189310671462
362,0.36784819839055016,0.620730158683643,0.7731805210943673,0.7970150475014759
465,0.6450950499499047,0.8347785579144192,0.5472417694490683,0.7970896827808016
630,0.47093918835084536,0.695634997734611,0.8389892695099276,0.7971897942642405
746,0.6131289810813683,0.8090240656118355,0.46492443067087535,0.7972542333271843
722,0.44199230102685927,0.6990169127181545,0.7526030939458225,0.7973823455538552
580,0.41690365344130986,0.694504387735239,0.6068174790233243,0.7974587176397935
253,0.5009572734306792,0.7604566011988485,0.6042593648175102,0.7976753516250213
751,0.4445990625843908,0.6673056317689834,0.8593780436837367,0.7989093527039188
475,0.4033132289341898,0.6631583010451599,0.7667881816185824,0.7994768510921136
209,0.4950441757027839,0.6716526281932784,0.9362338050059518,0.7995174515591182
369,0.3932288118146283,0.6582153031707392,0.748757497538805,0.7996082221756047
656,0.5690363482320643,0.7913942341713908,0.4704720493300531,0.8005819489239103
556,0.3897804593654542,0.6674574237840466,0.6929839145864031,0.8007208444153807
304,0.42475642862296803,0.7048455762773098,0.647675896484781,0.8009462030285683
82,0.609770399901338,0.8002883451605366,0.41559304149084675,0.8014018342499395
55,0.47876908147778,0.7213905448515399,0.7991999216156713,0.801687459209751
218,0.605944707309693,0.7694170040971723,0.32919810453144155,0.8021934503651788
266,0.6230483823046683,0.820207890598674,0.4676406927334584,0.8026502707239292
311,0.4072407402858017,0.6716275844827531,0.7661643328435553,0.8026823642842696
120,0.4689181511068024,0.7370833068244717,0.704219186942914,0.8029459277478939
45,0.6240901568156954,0.8307297729406449,0.5303484666454226,0.8031231040968503
130,0.6464210164155244,0.8314561768619755,0.46639189057072516,0.8038856172791096
77,0.4386940823852132,0.6954282322098312,0.7880669618596132,0.8039408462850253
489,0.6012103922347434,0.8001480435137809,0.41969341094605067,0.8039638619144259
234,0.4770362594297711,0.7285839149733029,0.7811542705312662,0.8042309651114956
33,0.41771181166026294,0.7039956190246208,0.6465057024798149,0.8048817443172362
353,0.43049246738166896,0.6743603016281362,0.834199674336891,0.8054605409134667
114,0.44272701877525095,0.676134609765227,0.8578291552878254,0.8058921624405163
657,0.4886774550473065,0.7161644119212253,0.8521186040095153,0.8061838033503606
331,0.6060866948903437,0.7837188821835809,0.35233059271880984,0.8064348178669113
112,0.43020973281545044,0.7147048142638622,0.673452822761999,0.806529965621423
50,0.4663459556197468,0.7450493291695137,0.655914412723877,0.8065704077124867
171,0.4780501530123827,0.7056935005666894,0.862854087933108,0.8076978447501966
336,0.3760396969534044,0.6474116468631653,0.7706045822925659,0.8083410468628105
68,0.43422000392798105,0.7160419227921246,0.7089533714544565,0.8085876754125533
391,0.42102406513880686,0.7114684633259278,0.6551159814844107,0.8087762171498902
597,0.3992079190773126,0.6839209644474392,0.7170420932776399,0.8088574717867122
544,0.5914474028062103,0.7525606429884962,0.29087246543404993,0.8089082154045367
256,0.44370404988616946,0.6934109823583254,0.8301390413493706,0.8097278690917546
781,0.4493851970674688,0.7014948932551831,0.821689837468487,0.8099011770220703
107,0.39401535053718806,0.6761283960802345,0.7412966565585623,0.8104164825947461
25,0.554661558851516,0.7536242077961015,0.3355616289148348,0.8105081118734205
797,0.4602762518214726,0.7041471156787545,0.8450065458529682,0.811680720850833
745,0.4466964400100497,0.7227499253885765,0.7491801697498809,0.8118337960667343
612,0.45510557782835565,0.7272758399436893,0.7587404379595991,0.811861495167381
372,0.6620583404146905,0.7419449334999983,0.20235623872354477,0.8119637279197967
549,0.43595653960871766,0.722759772677063,0.7045515983682467,0.8120873848468362
767,0.6046704294941061,0.7663978225534441,0.2963360816561802,0.812306316863128
675,0.564556545546082,0.7636310003267623,0.3394822200184117,0.8125637962275993
283,0.5187352496135048,0.7583324553197532,0.8186877840160406,0.8134755816680758
446,0.44640717697282634,0.6531142487101664,0.9324974138713609,0.8139311540584965
604,0.4765719147400368,0.7549655066846217,0.7179594092690713,0.8144448125446003
74,0.61123896131112,0.8272379612052038,0.4611393000721889,0.8149453515592484
786,0.4463446171828141,0.7215470011544074,0.7753305890859942,0.8160501916632759
62,0.4658496049800133,0.7368015209110272,0.7763353654984028,0.8162273995792344
601,0.539493204330608,0.77743613523668,0.40539996637380354,0.8169737119367944
341,0.4430620905370186,0.7384645046621737,0.6780095914034828,0.8171168392444947
43,0.4687282229002766,0.6804266532605426,0.926856791757194,0.8172300905663056
156,0.6356247107721947,0.8446584356156893,0.4785361226528635,0.8179460054890005
197,0.4767383535002204,0.7414437692977414,0.7968846734185783,0.8179525817438666
103,0.42758169279518543,0.7019980433383188,0.7988240551263509,0.8182967317044934
790,0.4620246193459682,0.7164887954497702,0.8411985370600658,0.8187741004533805
53,0.4188947787126403,0.6845383968461551,0.8295343065252258,0.8189229243440338
214,0.44833474907672466,0.7129563472201762,0.8221190509839352,0.8191955830697336
392,0.5904347089163785,0.7902154051192009,0.3500531123211221,0.8193960006491569
778,0.6095690907747019,0.7902284561624832,0.324471880419337,0.8197474659181059
664,0.4390977657039494,0.7352789423337961,0.7111835801468216,0.820560362273265
30,0.48660701738374024,0.7786393525669189,0.6238432877574278,0.8208965417817012
634,0.4315694133135158,0.7228966050398482,0.7465092694627559,0.8209385533170424
364,0.42635885677819596,0.7305629501842664,0.5447091156643649,0.8211325951265296
290,0.6332474831372228,0.8350193103252481,0.41722775259098627,0.8222260159270921
226,0.6222635256997247,0.8103114197460084,0.3532594074847098,0.8222374899017317
419,0.36263911679592087,0.6774819061599985,0.6020099454567792,0.8226422054831771
444,0.36648377959879125,0.6790782972066143,0.6627613931962933,0.8227458689660725
230,0.37800274495001973,0.6831154332214526,0.7172273329263071,0.8228703809914004
660,0.43205346487475166,0.6875728767365736,0.8660721882105266,0.8233161123048037
477,0.44117232671962164,0.7063101193688703,0.8425626432845309,0.8242155580544519
279,0.6321343170747558,0.8006185626105843,0.3096543828337174,0.8247886996906133
370,0.3971315801390642,0.713767788891522,0.6123521618181813,0.8250042233962644
109,0.5448970723597116,0.7948802965374876,0.41826133994382236,0.8257696138736427
181,0.4009799124700045,0.7126040519763516,0.6930455471960661,0.8258309007695022
424,0.5704848492712351,0.7948530178964245,0.3710115359433144,0.8258988535294036
244,0.6161764149711899,0.8556762220041041,0.5683545656092137,0.8262684860287444
347,0.4249364759665811,0.739837665306258,0.6061775789140385,0.826663985721682
210,0.6511505345133524,0.8230742842989468,0.33871505676552577,0.8270262607821735
72,0.5936344553511089,0.7667503670280986,0.27117549270005153,0.8272894284827107
728,0.40642843476703516,0.7228188820423803,0.5558418212185575,0.8273310773111443
633,0.46279807279625884,0.7579091096997125,0.7390046139516795,0.827892637158559
94,0.4120566925597289,0.7258262398281268,0.5268542138976299,0.8283032688690996
261,0.4251300267551797,0.7134187657817627,0.8022548544008661,0.8290686752806169
616,0.4145897267920537,0.7052670150551874,0.799387694518967,0.8291459806240745
350,0.4533166925628546,0.7419681863218421,0.7837621613905552,0.829236748435783
118,0.5916975803289131,0.7228690595824477,0.1929097378484896,0.829623139196072
66,0.5451705255427771,0.7970807380924393,0.40570997418419674,0.8304730533894593
643,0.5341359889024346,0.8087215062248351,0.48259884849958223,0.8304782845964722
9,0.6430982628622302,0.7889108792528107,0.2560703495515652,0.8319637184635433
167,0.4496716943774201,0.7098117088451199,0.8784295750609769,0.8324990167128833
686,0.625727475981513,0.8012904861859925,0.2944376627452689,0.8334660029131585
64,0.4280994810325979,0.6893443237558269,0.8863249133775984,0.8335775038504097
385,0.629684975441121,0.8438493059422324,0.40264500393489794,0.8349722300178651
658,0.6675413042832011,0.872483478621518,0.4604691473859759,0.8350378432773252
464,0.4616130297153995,0.7521120393960194,0.7967846441950343,0.8350521575256746
476,0.5458687269713002,0.7502091697486201,0.27303087587823494,0.8352333105165566
570,0.4557448864722123,0.74236641540718,0.8161602790691395,0.8355269942672063
543,0.4282433892353236,0.6754340479351372,0.9206859407766071,0.8359062424140351
39,0.42118099221992145,0.6873741104873026,0.8851257540209565,0.8361379398884309
638,0.46109792926698284,0.7756064393820438,0.6891964387520683,0.836775348906956
298,0.5704440599077587,0.7947206134409124,0.33522164816639816,0.8368303308576513
661,0.5161221300802568,0.8025930319120448,0.4668848153155398,0.8369859850490852
755,0.4400161680688224,0.7048494589111849,0.8855894035729591,0.8370625271993187
471,0.3520376150506885,0.6863819712773415,0.6459446934663522,0.8372180910321994
163,0.40397486524514015,0.7063796445793955,0.801721190063475,0.8373650909943864
729,0.5592063449621592,0.7587785612172252,0.2679224754393915,0.8376810675458757
34,0.5164428762075304,0.7884893100501004,0.405096841159822,0.8378928656523913
674,0.4125102618453376,0.7059757547859923,0.8285287506180621,0.8381541333114064
259,0.58781328752797,0.808684395169557,0.34135037724524564,0.8388686646193017
699,0.3515319118517435,0.6889065869165878,0.6442174270165661,0.8392727766296759
105,0.6159137791886518,0.8090709524348225,0.3056625979723165,0.8397212147688596
322,0.5729552239514746,0.8066664821206344,0.35355477505562094,0.839887198683317
366,0.5430061776817542,0.8097599036576817,0.4108159438850123,0.8409586806610669
428,0.4747759391445079,0.788682856313429,0.5080051596243178,0.841840745988473
437,0.43369629517805175,0.7412459789677001,0.7919403261024466,0.8422968979024074
137,0.6472767136739532,0.8776572986767162,0.4878710788227245,0.842448951018286
286,0.44211612868414574,0.6790497677741756,0.9531897824422566,0.8425923131639311
753,0.42151938022676966,0.7070242569383067,0.8634278605662573,0.8430400733695812
679,0.5447609582825889,0.7993945668599827,0.36084976174935096,0.844697197935129
667,0.5873296029115459,0.8264919807646726,0.3702745965541385,0.8455370726587083
308,0.44156237344093663,0.7610686745263301,0.7589429549159831,0.8463117938991552
198,0.6025472372770783,0.8246992299865709,0.34039239275664157,0.8465988363941357
307,0.6458982605742126,0.8561442654285454,0.37694178882398327,0.8466386940182958
529,0.5881194116208772,0.8185399293431593,0.341650939418563,0.8469800414997086
417,0.4443493278937763,0.7654453124070919,0.7530775787317622,0.8470550585669552
83,0.6155118718257536,0.8523946822544837,0.40509969229672926,0.8474663855128689
505,0.6014691098583459,0.8296973889345169,0.3519236252939796,0.8477477039499448
40,0.41062222505655466,0.7208382516493077,0.820318610777594,0.8480662114821973
128,0.5727463473301606,0.8189433715224279,0.3606873514486096,0.8482110965697974
6,0.42189353993154555,0.7467611858517966,0.7660057718442406,0.8485620811475288
732,0.42923101863649565,0.7270615111726529,0.8522984873826079,0.84959645780814
262,0.474696370423116,0.8042778049219989,0.6537534314808773,0.8498407557261742
57,0.6386991458412619,0.8114163291098142,0.2611667673518768,0.8501728370100363
238,0.3918566749442543,0.6977872131728169,0.8460543663688632,0.8504318387686226
227,0.5740685341871601,0.8255004749762018,0.37029370214879315,0.8504422451292176
220,0.578246146336969,0.7923239779022869,0.28138798681566013,0.8505952162597589
346,0.4158041763491421,0.7036933956917827,0.8841316038341805,0.8507084519517533
356,0.6070615931052963,0.7664049680371173,0.20421769774943904,0.8510779828291716
484,0.4151316185619817,0.7421567479048781,0.7797821136354872,0.8519458060367399
600,0.4436449350989925,0.7457536214080999,0.8445201687855034,0.8526964748280614
306,0.5847595189487403,0.8227020637898287,0.33366406434480683,0.854484090060571
338,0.5629995609858174,0.8328225108569023,0.3971755886684571,0.8545312288279908
497,0.6603872422270087,0.8044400667432642,0.2183370579376612,0.8553251376617019
102,0.6528266363418795,0.8830746414597351,0.43124778237395706,0.8554509987558058
715,0.6183552705300785,0.8180192838903207,0.2799410274385378,0.8558904096926233
564,0.5890194057130466,0.8026145805672456,0.27680254438033075,0.8561616491587198
317,0.40198692933908214,0.7485784254812853,0.7273143765071066,0.8562426826967843
793,0.664782497977515,0.8662787587286478,0.35133398289254547,0.8565494438453666
738,0.5280671827809327,0.7787109084366631,0.2951426994482467,0.8577613852368481
599,0.3722572476917398,0.7252771679478262,0.7297279666996718,0.8587630396275355
199,0.5646558123956856,0.8433015439865614,0.4140065939019279,0.8588089398539749
486,0.5776445548312548,0.8612817028066677,0.46404939468932305,0.8589200596295739
623,0.5999614245456866,0.7974154496581499,0.2475821310889514,0.8592206542138335
491,0.49193437080110464,0.792668977564553,0.8345643712714764,0.8595237819420058
713,0.5494812487728545,0.8224758579244498,0.3679716920273862,0.8596682569520566
175,0.4374034330503137,0.7813716996205007,0.7272418789988071,0.8597831063611082
617,0.5638983856156402,0.765268902281218,0.2216209862941814,0.8604689447876948
520,0.47238062185336865,0.7657639265689514,0.8760239995731424,0.8607678472221341
442,0.45011273002534646,0.7478532275126147,0.882016627983257,0.8616062847867344
435,0.40195020473140064,0.7496956932285539,0.7577837028948349,0.8618401132289919
323,0.56828454687591,0.8458884120974375,0.40226304071214547,0.8621767578768342
559,0.3839173942856719,0.6485872225171884,0.9613631144054039,0.862387730617789
478,0.6190307772483862,0.8607259911664817,0.3698008684663358,0.8626220699623967
354,0.33584965289658775,0.702180770556304,0.7095880628982346,0.8648782228749761
764,0.6334614844112442,0.8771869067808314,0.3940502789981578,0.8654945717837179
260,0.6629003586242217,0.883432848262154,0.37510699023280003,0.8658076820411335
90,0.5999648750907697,0.8389981947986955,0.3220642594551444,0.8658114885384395
615,0.6540813227353597,0.8493628030087876,0.2875225427746629,0.8667355134811119
687,0.47134092444491793,0.7801316016685547,0.8569532315262691,0.8668464016026485
7,0.5634014980811693,0.8318589091264369,0.34841417222463755,0.8669234000733921
332,0.5804043880998487,0.8055091715373961,0.264315410349513,0.8670747618194741
14,0.6185878745688745,0.8064572891075943,0.22930214745335917,0.8670900359628925
333,0.5640260897553427,0.81457083074016,0.30256483878419244,0.8672369555736518
541,0.6075326364023529,0.824575743232001,0.2750781658395879,0.8674670605199372
185,0.6714324382346928,0.8471721812959144,0.26345544079496785,0.8683804457569202
485,0.6073278868525626,0.8759315536417376,0.4179714176859592,0.8686685583737563
573,0.4273198700769923,0.7551405069471355,0.8416147575223372,0.8687343238943328
490,0.5965057346034636,0.8362346674204033,0.3097980092727478,0.8690085758071316
733,0.5553015687518145,0.8087174701034239,0.29347930101924874,0.8696099357745259
378,0.3818962038780613,0.7509336487961226,0.717254793959434,0.8696642402683381
138,0.4671556820200147,0.7629146823587094,0.9060578651020708,0.8712499148710926
20,0.6317952331550232,0.8916175000368024,0.42535483902967436,0.8719349510789771
666,0.3814152402969449,0.7247771347220494,0.8293992412004059,0.8719718416099178
117,0.6549081982073152,0.8666472437380353,0.31334405719098885,0.8723447606455607
59,0.614497910098901,0.8103618983085975,0.22810205515024778,0.8723564500071237
547,0.6409153830845437,0.881002517626942,0.3681073842279655,0.8730464731516347
147,0.5691623401201644,0.7653222366191539,0.18940547464213559,0.8731897624673637
603,0.5622627164465865,0.8344739755100548,0.3362102843720062,0.8733735156707808
101,0.6281299842130391,0.8650951431619576,0.33366909902112796,0.8737630413550928
104,0.3874986659506289,0.7626915211286771,0.7085274965511613,0.8738519560744858
583,0.5678073028240053,0.8129880864527224,0.2755984484085569,0.8741905978729638
340,0.36720367805007675,0.7075761186012138,0.8508091349840443,0.874857203462597
651,0.6242935167705547,0.8273583735016525,0.24618436081331826,0.8749367829091496
60,0.5933485953661155,0.8520099046481403,0.33536625739813125,0.8753386290217678
684,0.6045726949549373,0.8740898514401998,0.38673055180160804,0.8755257753381832
274,0.5483606595840839,0.8429887413969915,0.3749450128523727,0.8755864211047365
535,0.6438828947338788,0.8763880376903398,0.3412869778962735,0.8757050985325333
621,0.5724006525156459,0.8415724184684239,0.3337325481084237,0.875712940270609
452,0.6116185546312697,0.8599108586180944,0.3316956989927346,0.8760817603381881
8,0.45247768859859894,0.8139539466687172,0.7244326908640585,0.8768166885293728
196,0.428962534758252,0.761368677818634,0.8579277345380744,0.876944209224645
127,0.6496894617840294,0.9136927987650341,0.47073178044976993,0.877514950215775
662,0.6473560319980579,0.8908390159361527,0.3741586649661507,0.8779832309906932
451,0.41479617602947594,0.7968646630866041,0.6367694426591167,0.8780821756630292
439,0.41684710578412876,0.7432130786590623,0.8830783504447813,0.8782111019746116
12,0.19726383736533534,0.5051738703733291,0.4029587852204761,0.8782581478955097
11,0.6163248538332341,0.8543394661636582,0.30111770350032807,0.8796817982704983
659,0.38708541160656834,0.7603134560090071,0.7615510108192532,0.879934328549547
431,0.5650401203160073,0.8355533193687343,0.3146348101225878,0.8800403975913961
581,0.4760106865812058,0.7649926364035279,0.9420062473566332,0.8809178338866548
427,0.5864658498862735,0.8450497517724012,0.3085652142643043,0.880989516683625
405,0.48793802263098274,0.804877673499524,0.34907658526116747,0.8811114424417321
23,0.4342235697760336,0.7801719459684555,0.8326378062638449,0.8813923885893303
316,0.38553381031874995,0.7751109568071228,0.5384833613881482,0.8817929046728594
135,0.5481536556867919,0.8481369644133685,0.3619830953476092,0.8835889507697245
550,0.5599371516863153,0.8604390120211995,0.37891549990881446,0.884242406167605
51,0.6299010131959472,0.8568678642846395,0.2797794087535921,0.8845414908447524
698,0.603023342783337,0.8923542780605559,0.4195537803730931,0.8846929502676674
461,0.5436568664508526,0.6949638405726143,0.09347963036804724,0.885221773700016
709,0.21816735554749406,0.5183235218330363,0.3283638537452067,0.8874091916736991
282,0.6468297811705,0.8416524288244706,0.22533964191017022,0.8876603432049446
319,0.5797864423472869,0.8749376400534306,0.38082072818062496,0.8878109044592484
500,0.5110872833829655,0.8237961932766038,0.3361181112976959,0.8885201055530207
773,0.5521680602776163,0.8218461116900174,0.2740990268865911,0.8888640283704761
205,0.41445127504688145,0.8108471931168071,0.6215346999209724,0.88907714839924
462,0.6185252772081549,0.8261989681145258,0.21563653806799363,0.8892241883054262
726,0.5569159385767626,0.8783198660355359,0.4222113721498897,0.8908853484078753
153,0.4514718454023046,0.8356196317892617,0.6856417095467519,0.890929592305994
363,0.5188144442270229,0.8123330940612914,0.2891712454830456,0.8911522646593204
125,0.6499853376304996,0.8720128997285485,0.27615219040281913,0.8919328088799534
521,0.538661945234676,0.8289675787825173,0.2971114614423493,0.8924192855184706
58,0.5980118946957496,0.8830034254430889,0.3620363801691415,0.8925100226299054
762,0.5523412156669691,0.8383392363272445,0.30079139776526753,0.892655061238739
376,0.4777951794687936,0.8540515200191164,0.6931072481351889,0.8926895355900354
460,0.6133132213409793,0.8553959834162448,0.2706240827773341,0.8928406921485735
483,0.20635072410422198,0.46704935499248895,0.2748163979404277,0.8930999607875377
467,0.5617215285175159,0.8227511990958011,0.25030465734847235,0.8946552998819858
697,0.5779532635408844,0.8712345062183883,0.346481027821106,0.8948216988466036
606,0.46855296406685226,0.8157279691488785,0.8514045899096597,0.8950015123660707
406,0.5861324472449796,0.8657827182523552,0.3182932463790315,0.8955077095457543
411,0.19684895291881832,0.5164919870571799,0.35740043172350566,0.8956092220277508
193,0.3589995564358806,0.7743167533276903,0.6449539127016052,0.896310845512484
783,0.7073828713304995,0.8456732335466512,0.17133228798871583,0.897425321055314
706,0.5222001606920118,0.8806998651588172,0.48670995221332086,0.8976921932382405
335,0.43306105877445694,0.7287530595950056,0.9909372030792891,0.8981101690438987
409,0.48119933181905317,0.8426483290253078,0.8016016423357407,0.8981226655820913
37,0.5675134227738822,0.7895114691266717,0.17727962332231287,0.8982158763225303
269,0.6145721182338978,0.8826383908536776,0.32053305930391246,0.8982711672471351
449,0.42696676803507294,0.8144653350102605,0.7673390740844598,0.8984711379491581
426,0.6099237923133463,0.8858505604631313,0.33185296171979706,0.8992494929176095
377,0.5526120473531483,0.8425585220640176,0.29042729465051725,0.8996456626066313
410,0.40697891359738236,0.8173293229455084,0.6550798618992069,0.8998374207149412
301,0.5911009772464222,0.8328599071390597,0.22734074264554613,0.9001290070310516
257,0.3530445445620204,0.7511327275438553,0.794796006024386,0.9016104087864836
394,0.25365194241850203,0.4718853079120693,0.1676191629734256,0.903525835580435
355,0.5865989684870729,0.8352205217916042,0.22785841505546564,0.9036275871861282
5,0.6276578703877637,0.8550473511587466,0.22838093964606734,0.9042138441205383
93,0.3964844727964468,0.8048785603978742,0.7388853892267949,0.9045517851568816
243,0.38382390024962765,0.7544319311075486,0.877082866256771,0.9048689564777257
277,0.5627532883497443,0.865578892114076,0.31827642401862394,0.9050654113510995
300,0.6158651987207918,0.841919834239835,0.20911754812578945,0.9059376402194687
459,0.594455376799767,0.9169629085808579,0.4367713471844671,0.906657940597979
481,0.6044272883832437,0.8118144147862667,0.16309447402674077,0.9075681546425468
592,0.15486416130320138,0.43242363952707835,0.3198067473504561,0.9080188163041326
548,0.5855397593223947,0.8444736609190614,0.2363404886017145,0.9080735118265544
642,0.5592520552303936,0.8451685288766381,0.26469214049849976,0.9083458051550621
360,0.4104938211132805,0.7783449555063887,0.8872891695323673,0.9092719087152324
177,0.3786451478084837,0.7883996326810718,0.7776776644368371,0.9093226446009633
425,0.5386131252771026,0.7968966365497807,0.19161987659208404,0.9097937166934857
13,0.19839911570746344,0.5123948941456702,0.3005155457423986,0.910096385486936
139,0.5521514741911863,0.8825552381858243,0.36302049122038343,0.9108673241713541
280,0.1771361789991987,0.5351522215484338,0.392925491256837,0.9118131955028571
351,0.20679937795636522,0.4959422236304043,0.2556069225966707,0.9122462856334621
239,0.5555802355681388,0.8597057124419826,0.2889643748640799,0.9130695492978255
798,0.53991893142401,0.8288758965821458,0.24021328944539344,0.9132352154895539
782,0.20221826732078013,0.5342077139665533,0.3060957555003376,0.915198851568595
432,0.18720339960781282,0.5182552064488032,0.3195677136732234,0.9157895007034875
136,0.35904669422088015,0.7773474757794984,0.7904008017540461,0.9159540742571426
228,0.22355207094694035,0.5714349956428166,0.302520557751355,0.9176279503675739
512,0.6148178621850288,0.8728992907096975,0.24152448117610237,0.9183901639101687
777,0.5710955226284611,0.8481533426784356,0.2297047303565953,0.9196660377140956
794,0.1756164404220624,0.49985840432341105,0.30946257950432976,0.9205323986744063
498,0.186601818960706,0.5407597511792593,0.3350792845028279,0.9220374305964967
689,0.1839004046116602,0.5708056227021293,0.3978056308635708,0.9225976812894906
752,0.6914200154981555,0.8652577302282222,0.16119699925113803,0.9229784926634201
607,0.4765722542611574,0.8739738302010684,0.4336157218713141,0.9231742582608984
717,0.1300140245689452,0.4459096627169161,0.3582927782360052,0.9235391011574537
223,0.5494733707394103,0.8805136595961132,0.3115612042935658,0.9255297187852718
396,0.5704479608968509,0.8719313394822992,0.2650404057402059,0.9256496868185896
622,0.1956926782172032,0.5814803949648562,0.3681826053735564,0.925655376063603
537,0.18618946458296076,0.537360576293272,0.31531787144975104,0.9268355506722548
76,0.5895755839389681,0.9129393718853549,0.3361532042930722,0.9293962084770491
324,0.608875408606106,0.8380385866377649,0.15690267031395974,0.9296197928019759
590,0.6239682723409853,0.8997585503218025,0.26199395249160085,0.9300489732213537
735,0.5836104970152154,0.8314376151604842,0.16396167796343347,0.9305838800123123
357,0.2283058310034998,0.5270980987984617,0.19840558967693392,0.9327742094191536
89,0.5195545601239738,0.8904543565668733,0.35317167784393266,0.9348659693470228
620,0.24644152762221652,0.6764760047981774,0.3792713829007642,0.9370945218904726
84,0.2771907933439873,0.6275782763667777,0.22276195188603284,0.937236037684076
723,0.5503568331008367,0.9001383156204018,0.3240583607356778,0.9378796448558218
110,0.6126849362593545,0.9185755485348414,0.29613089498596434,0.9382684205032341
17,0.5981199549373657,0.8741632051116884,0.20975223719042602,0.93872478491739
724,0.20922464875284202,0.5413987451542258,0.23530336225943085,0.9388224624661808
174,0.13793737821892374,0.559724007033541,0.4835087784767161,0.9404468474690725
328,0.1760097103016902,0.604805271699206,0.4271812639641282,0.9406933882288314
212,0.21674545140233215,0.6107853070924013,0.311796522153851,0.9407293778499377
780,0.2223691396417513,0.5461305947206418,0.20906111835440844,0.941605112200512
772,0.6411196599337758,0.8856917881424589,0.18838109838193653,0.9425405402753074
538,0.5853408037092472,0.9048979135728904,0.2774851363989367,0.943035041290793
694,0.18180468000750735,0.5584083550061527,0.3035717214747629,0.9442496839425844
157,0.5762322339970681,0.8969884091167794,0.2634975749568046,0.9448991998906194
701,0.20516870597952405,0.5408174743965862,0.22735964872921435,0.9449314709915279
742,0.19321555603848756,0.5467683405374851,0.2551367801468296,0.9463907034039571
414,0.13526240996992975,0.45743955855279544,0.28250635031180404,0.9466919406778962
252,0.19484133750009672,0.5414769784871749,0.2429960195898871,0.9472327777135993
67,0.5863910024355704,0.8937088859736599,0.23516373109673952,0.9489695958497281
690,0.5435547075896109,0.8650117910824202,0.2192080982281107,0.9491717514011909
182,0.5622424790923769,0.9325811944010994,0.36624104183814987,0.9491826936352092
441,0.18350953676112358,0.6119660831357063,0.377979627904283,0.9491946973316804
454,0.21019036846799372,0.5475952640235822,0.21287124838080135,0.9501259937931488
557,0.6615563457596493,0.9654820335870867,0.3375283145287494,0.9511101952534649
613,0.5844177709589593,0.9052055515465111,0.2527863645338899,0.9526159968817565
10,0.11407492754306613,0.499260960998214,0.3805838000823082,0.9530480330431004
502,0.5679514607827691,0.8459426053783189,0.1532174406205355,0.9532949280922216
403,0.24639670646869324,0.5358048058517031,0.13314094011483718,0.9537835460090275
217,0.14485131676469748,0.5683701367022898,0.39863724708731696,0.9538473182419553
707,0.5989509713888775,0.8583785414554309,0.14667718880599417,0.9543652354088036
558,0.1715195106945198,0.5334092511779641,0.26148504534634476,0.9553632335601845
88,0.13631719401854403,0.4869553926080857,0.2849857561758659,0.9564722570293497
796,0.17546927470562682,0.5391520728216951,0.2560037267779254,0.9567864145630888
747,0.1819722837472674,0.5956148613257352,0.3215930932345583,0.9571414720331575
768,0.13489191797119823,0.569077345515577,0.4229325685412865,0.9575816997728346
611,0.5582116805063746,0.9421109775670479,0.371694319452079,0.9578161754482492
166,0.11223154419689897,0.5043245382630417,0.3717774046194376,0.9589316161179464
540,0.267367677408798,0.6145889671154304,0.16980299825523676,0.9601637788295566
142,0.19232834622268585,0.535276543176134,0.2030208008703989,0.9625439648478715
315,0.19103158832640174,0.6240937053226108,0.3260044486149641,0.9637426124466143
736,0.1226303039203085,0.5298036135411366,0.3604984998985096,0.9638292443553271
4,0.07836991844393426,0.5041155715893384,0.5102893735015013,0.9646824385201205
539,0.14117459419578063,0.5529098354962931,0.33726694889747383,0.9649515774642581
546,0.1832964695085404,0.5792660096661676,0.2685555694229791,0.9651357106770089
517,0.13551261991607047,0.5685303449608305,0.3826471236006303,0.9654373800081161
789,0.5082131168816189,0.9267366762829282,0.37260194200536484,0.9658737221858588
159,0.16657607747974404,0.5405062470219304,0.2512721832200887,0.9663494508124193
329,0.21084289511141804,0.561474263011549,0.18850626672300783,0.9665842036622438
251,0.18754992070882884,0.5617298560302904,0.23217847102195444,0.9667535976967653
480,0.13535065079843714,0.5473967727387842,0.33863687233796114,0.9668883945168751
456,0.20134655207692834,0.5170985029077105,0.159235763672959,0.9669194498656936
758,0.15947491602638633,0.5620542778831145,0.29160331347410806,0.9680793081834284
618,0.12594467447712254,0.5287169152418287,0.3254429807563606,0.9701714947836765
374,0.21930983479342248,0.5451748263706901,0.14840568303577537,0.9707946800909334
479,0.5934438251188253,0.9114987319345307,0.21099670558021336,0.9709169884224056
568,0.611237262243434,0.9264087323287675,0.222689448968277,0.9724076352093078
455,0.5238393426964583,0.8984488458579102,0.24986207193393026,0.972921935614593
191,0.1683889372492411,0.643213308999915,0.39869065563510536,0.9737249576580113
792,0.18992265733935138,0.6329888214649687,0.30804008006071715,0.9748708402515506
296,0.16434945558117658,0.6253000629576465,0.3641724166694075,0.9752244292429286
115,0.15558900733286596,0.5313516085377886,0.24030469529379683,0.9752653081990625
645,0.5848142437207187,0.8627180458407248,0.12161119857254463,0.9753562308111139
276,0.5901226942945137,0.8386263037190933,0.08126296258298552,0.9758629649347124
655,0.15545166210819145,0.6027965062194974,0.34072797904380103,0.9767436894810483
407,0.21747279675894174,0.5593783286591886,0.15175636169920434,0.977181595788914
593,0.6195806989238326,0.9316033453015664,0.20974110422467243,0.9791807793840794
390,0.5675589143598915,0.9080782896279738,0.20273586715964562,0.9812568859890262
519,0.1497531057056999,0.6002176826280642,0.3355861096819085,0.9814822429029291
469,0.14726626586771188,0.5272050210878718,0.2362359527777221,0.9817738330596857
386,0.20454249531801114,0.5252926435784268,0.12929445518475216,0.9822932007878299
225,0.12168824174426354,0.5512896739681822,0.3306309941162926,0.9824368073076887
91,0.21136745489302075,0.6074432045647089,0.20240750498087035,0.9831092446474674
100,0.09547143403327243,0.4268488125433125,0.24547390534538016,0.9834772404794195
509,0.19171712957792125,0.5764736179780565,0.19930516485246025,0.9838544960373451
215,0.5000603918382234,0.9030442340339337,0.25682784787211815,0.9847627780051862
379,0.6181367813921637,0.9085610386085551,0.15360077568025673,0.984874941586947
555,0.08364267482441769,0.5146804373049674,0.3860733006380464,0.9849350577085236
650,0.18027031501299198,0.5288294894756167,0.16653081334154315,0.9850337781439553
3,0.21283878350772814,0.6767824307780822,0.29506195467481855,0.986231950601748
734,0.18428521695797687,0.5285141372931701,0.15350465688372936,0.9877079446506036
631,0.197297099118874,0.5887393924417905,0.19336050029222154,0.988071732412469
352,0.1556908354365824,0.585507858750972,0.2722701677192115,0.9889494594130049
527,0.20698788274741997,0.5806924032924735,0.1628417738548415,0.9901162768830216
404,0.1651489347996145,0.567586815374462,0.22317865959426358,0.9907224078348144
754,0.17718044526348464,0.627522777967661,0.27726823715516113,0.9917498433708637
402,0.14040949454083215,0.46128980590421814,0.16117608596805216,0.9922860391293804
418,0.21982089909805932,0.6634670006570015,0.23970886460996318,0.9925179612260696
551,0.1488546263475961,0.5925181758120267,0.2867134099970797,0.993095900555536
247,0.13637704694029287,0.554140571735368,0.2610131540884184,0.9936317686351418
587,0.20120992901446438,0.5843390310499754,0.16715088906267947,0.9942963281149872
71,0.1658152736410048,0.6080172620534575,0.2650180980439926,0.9946566426770731
382,0.2181110298847854,0.5927060090582358,0.14770032686275117,0.9946738400480425
595,0.135851915122827,0.6094192884257678,0.34126878446057873,0.9959540313180371
312,0.2093716012910421,0.6068116653016351,0.17197665250553307,0.9972437335379511
614,0.11219283941267556,0.5359104331871729,0.2851424208988782,0.9973786143352191
788,0.08115383952050043,0.5138528635209519,0.34253560477437717,0.9975211221105449
646,0.1696046114063935,0.6265714113220936,0.27166319910125397,0.9990340724206679
161,0.08425854833147581,0.4764558393693987,0.27653506756224744,0.9998521242554506
582,0.232110689597523,0.6418246005270498,0.16875325306651143,1.0004439279140505
528,0.1181511575527243,0.6357246817880104,0.4514762702396608,1.000791612170455
368,0.1607773628545516,0.6368525525041683,0.3020769729801132,1.0016106114831205
594,0.16665253589622156,0.5520739647690946,0.1762936523551627,1.00165777825004
511,0.15486419716515856,0.5886666988061157,0.23985062297914295,1.0026482130933634
692,0.13891600945748142,0.6128512106086117,0.3132305698147126,1.0031279710407868
757,0.1311605913468114,0.5855764858261714,0.28871788389913483,1.0033916882461211
779,0.17773256149452468,0.5237426033551654,0.12627343795131654,1.0035576779436892
718,0.18447299144925786,0.6964272142766211,0.3481400556638054,1.0038520482529727
233,0.1775692223917086,0.5328897769103993,0.13193474089693466,1.0048736869149908
148,0.5561842019627755,0.8814337037527221,0.1093617557962651,1.0069591351916607
98,0.1743451870014667,0.5956421704828838,0.19754412495880663,1.007294854614432
526,0.10280331307515952,0.5700578581985297,0.32898497479091954,1.0074611136177514
628,0.11231997514532306,0.6410956975216673,0.45745240409712756,1.0075892769500923
44,0.195035537246109,0.5634931896256514,0.12667946334826966,1.0077579527500393
320,0.16456928186818237,0.6955840022061139,0.38939682744106063,1.008813887088823
696,0.20420714233875947,0.6735088945799907,0.2407689218338977,1.0093216137186778
472,0.15837623400594833,0.575381212734585,0.1984652864506245,1.009567041319596
32,0.17350159848817015,0.6594477042804598,0.28332799242124995,1.0099229019740095
626,0.1582866628798994,0.5789447820418234,0.20099649326073846,1.0102929174999333
423,0.15027788260582983,0.5925848276034791,0.2331826477815296,1.0106527895214454
359,0.12956308883612483,0.5269887630299113,0.19851107738868362,1.01091808799201
625,0.13180498153821427,0.5873047480687369,0.265941364424516,1.0112061678428956
401,0.16631313444472484,0.6478885908966353,0.2758301498359295,1.011582217633166
289,0.20126147596390542,0.636916158092517,0.1889826510826438,1.011616364341919
343,0.15612269209194035,0.595477982500845,0.22085976406683522,1.0121222497623135
97,0.19010659627073384,0.6852591213162826,0.28168763103344296,1.0124526551791961
640,0.13404589072322595,0.5137841939260315,0.17051897808107705,1.0135652661560273
524,0.18479270101984377,0.459521396877346,0.047332724712907434,1.0141607962429462
186,0.11976816561253752,0.569612920665075,0.26084784858666427,1.0143789476601404
688,0.1682719338982031,0.6228633070680583,0.22407931069252615,1.0152070611360478
703,0.1383101422313017,0.5422188296740476,0.17866029971248698,1.0186358423139437
111,0.6264183350818057,1.0,0.2560567736443227,1.0187498814680334
533,0.17878191308025232,0.6616530515039828,0.2477947662534981,1.0191530912022282
36,0.14538526242490846,0.5107311120958177,0.13473356244302367,1.0193741904667657
695,0.14551881533583763,0.6043212267478557,0.23462568574757675,1.0196318998170502
160,0.11238867149385322,0.5623175760871452,0.2469052728784463,1.0219457481247332
178,0.18268034208349496,0.6004371746567396,0.15348090056407032,1.0221490531692183
525,0.11523353841873643,0.5576912338356089,0.2340763049320833,1.0221689869124884
206,0.14224914933492727,0.600786180941002,0.22861636197587132,1.0226934681056064
399,0.5581664324373584,0.9548896959185311,0.20222634386749577,1.0238811401562977
144,0.14949714424311494,0.5821275991577174,0.18792430740092392,1.023995430691249
448,0.13097464101885412,0.608191525731604,0.2601786515300847,1.0240396616724523
162,0.10755975113535325,0.5247485038992493,0.20620810413246038,1.024855893858191
668,0.06327733568161134,0.5072901570400781,0.29145340854640767,1.025116076090703
565,0.13173301759798225,0.6404811394563608,0.3067145663794627,1.0251488857906839
176,0.1433872055356643,0.5563559799125087,0.1676668840257782,1.025519174040573
195,0.10242438808989768,0.5985631972614363,0.31155155187269956,1.0262923304168383
80,0.18306491720205345,0.6115259992835297,0.15563338572031554,1.0263785919090482
213,0.1514439141396572,0.5172279491241496,0.11388738814925835,1.0271375649745755
719,0.1576551418868406,0.5005695049491768,0.09053659542090647,1.0272353034395914
721,0.1399603688267231,0.5747957559315927,0.18931324712332911,1.0274866940854812
69,0.15093430286948994,0.6164848934007432,0.21534177321558495,1.0286880721880736
589,0.17013328251589477,0.6070547832387816,0.1669240667999393,1.0289627891734052
81,0.09531811164954182,0.5342816934586498,0.22923175471605023,1.0301620365554054
334,0.10390176387376206,0.6288897677148578,0.33358871509828814,1.0340571981113096
358,0.1405918503568663,0.5565216791080514,0.15000747046983004,1.0354988230466031
649,0.1516472787404484,0.608207148539539,0.18527751544402754,1.0359403868484998
710,0.10850702460640922,0.5798577161137001,0.23761822808837196,1.0364394401881645
682,0.1051541434192609,0.581851360255539,0.24654663775774896,1.036925231497861
468,0.1905601358800478,0.5128512200143572,0.03257498855380616,1.0381139451119992
761,0.2745213815198457,0.6708214928832741,0.06362259533859967,1.0381597581099657
263,0.11473712132001702,0.5330778291640643,0.16696272163109022,1.038561521810457
712,0.15124167959541943,0.6749811317155464,0.270209057527187,1.0398514510495045
49,0.14282856270536817,0.6256209122937129,0.21415117568619582,1.0400254656360115
627,0.13897288852294656,0.6155387742756183,0.20861973827318359,1.0400949949342995
179,0.1358123933406394,0.5838693876091783,0.16963331086484337,1.0431013820149149
349,0.10461757088584592,0.5821603379395368,0.2307509027510563,1.0431313307898755
267,0.13071751503690865,0.60523162909401,0.20394806342613658,1.043308362141773
769,0.17011599159317908,0.5107648720197746,0.04881662836287836,1.043515851536836
294,0.142991072676937,0.6149129389072047,0.19052100284263623,1.0437849601289562
371,0.13462109956969043,0.6508103363928253,0.2565811402794144,1.0441844032939591
116,0.1898913051779086,0.5395326172564924,0.041974606843345155,1.044347130704707
506,0.15598701478617433,0.6439739145343915,0.19968821523595276,1.044920871984279
203,0.11374654304392118,0.6415495696160004,0.28716531065955925,1.0459516226933019
771,0.10278960544921202,0.6329760104632419,0.30086277720226845,1.0462310011364868
680,0.17423998409071462,0.6764676237748957,0.20554174750809656,1.0463559755359768
731,0.1754276693605341,0.551516884386614,0.06766016651916625,1.0464302872185025
495,0.13303682917050405,0.5284006113370986,0.11180643893301201,1.0470018179626672
245,0.14913430067639064,0.6587106547365035,0.2262108864222759,1.047851099099957
272,0.11122691753901706,0.5249030543949176,0.14291862203119782,1.0484830297123457
123,0.14404374129591385,0.6956609794045677,0.2926431828849947,1.0499092339472251
585,0.1158603667394771,0.6304435139541319,0.24926494364185187,1.0509229208616735
158,0.14442194360052002,0.5831918285624511,0.13082382569321943,1.0531390832114655
26,0.6205320119439157,0.9412822653252619,0.06609070128904977,1.0534450748732198
496,0.1633861222838126,0.5301058741128211,0.05236091150155326,1.0543900761379772
463,0.12185394309764178,0.5921084612103097,0.17795465690375156,1.054392163745916
373,0.13143966340968855,0.5516186426717886,0.11662968357764597,1.0556783368473928
305,0.08378693348419826,0.5904024142369796,0.2517295462051475,1.0565524632321488
473,0.14504848338858492,0.6768181370119865,0.2368985113929194,1.0568900360309845
635,0.13779011204824038,0.6350481724642084,0.18428725480276073,1.0603196671565884
691,0.10554128545349992,0.5974350414044363,0.19772076273472558,1.0618862347494564
759,0.11175603788099484,0.6575096170508762,0.25779526523138185,1.0651981537080935
108,0.12992790417205796,0.6375818575072407,0.18626690486289352,1.0668324892699206
648,0.16477899142015187,0.6257642838037526,0.1111402709326594,1.0671887916911358
172,0.14658032662145457,0.587971920051647,0.09130208977054456,1.0722146400633517
530,0.0,0.5016431479841105,0.310674617298511,1.0726351208601275
173,0.051089896962620215,0.4856043451566034,0.1653948987773394,1.073043182663958
264,0.11093556807139444,0.6134700486947094,0.16284800619326523,1.0791849685344783
288,0.05931675969906604,0.5733346101393614,0.21520956466365268,1.0817823955179184
275,0.06356983415366216,0.6228637046110072,0.26312242683781706,1.0846840593592686
413,0.1306751423113477,0.6327532417654175,0.1357921768192435,1.0848895128637392
393,0.06997940995209628,0.5877413233120625,0.19172335795704556,1.0882483292632157
438,0.11747037131924347,0.6442398375941345,0.16466868547775926,1.0884043312110845
671,0.07309446685805662,0.6661069488016403,0.2852707922767601,1.0917756962605365
678,0.07883680270863105,0.6637004768072337,0.262672114994385,1.0928779837962492
567,0.081792102751562,0.6259127595662531,0.1852599752543766,1.098977500993568
299,0.06714958467115091,0.6949404393678144,0.2844580924325317,1.1119349955789493
271,0.08170629539337879,0.6051820206734722,0.10838301474751337,1.121443189970082
310,0.11664957481136196,0.5942872200586106,0.037128150893654024,1.124195009224075
457,0.08317161583477718,0.6058237548084312,0.0,1.1730500969122073
